Title,Price,Status,Img
"ნოუთბუქი FUJITSU NOTEBOOK  LIFEBOOK  U748 14.0"" FHD"" INTEL CORE  i7-8550U 8 GB 512GB SSD(LKN:U7480M0004RU)",4415,"
გაყიდვაშია
                                                    ",https://imart.ge/images/thumbnails/340/340/detailed/31/u748_5.jpg
"ნოუთბუქი ASUS VIVOBOOK  X512JA 15.6""' FHD i5-1035 8GB 512GB SSD IINTEGRATED GRAPHICS SATE GREY (X512JA-BQ147)",2607,"
გაყიდვაშია
                                                    ",https://imart.ge/images/thumbnails/340/340/detailed/37/Untitled-17__1__2zok-kh.png
"ნოუთბუქი LENOVO IDEAPAD YOGA SLIM 7 14"" TOUCH i5-1135G7  16GB 512GB SSD INTEGRATED GRAPHICS W10 DARK MOSS  (82BH0052RU)",4099,"
გაყიდვაშია
                                                    ",https://imart.ge/images/thumbnails/340/340/detailed/47/Untitled-9__1__e8xr-xc.jpg
"ნოუთბუქი LENOVO IDEAPAD YOGA SLIM 7 14""  i5-1135G7 8GB 256GB SSD INTEGRATED GRAPHICS  W10 ORCHID (82A30060RE)",3363,"
გაყიდვაშია
                                                    ",https://imart.ge/images/thumbnails/340/340/detailed/53/Untitled-23_6sbg-8a.jpg
"ნოუთბუქი LENOVO THINKBOOK 20VD0097RU I3-1115G4/8GB/256GB 14'', 1920 x 1080",2299,"
გაყიდვაშია
                                                    ",https://imart.ge/images/thumbnails/340/340/detailed/60/Untitled-8_i8j7-g0.jpg
"ნოუთბუქი LENOVO NOTEBOOK/ THINKPAD/ THINKBOOK 14"" RYZEN 3 4300U 8GB 256GB INTEGRATED GRAPHICS MINERAL GREY (20VF0035RU)",2040,"
გაყიდვაშია
                                                    ",https://imart.ge/images/thumbnails/340/340/detailed/63/Untitled-32_21i6-oj.jpg
"ნოუთბუქი LENOVO IDEAPAD YOGA SLIM 7 14""  i5-1135 8GB 256GB  SSD INTEGRATED GRAPHICS SLATE GREY W10 (82A3005XRE)",3363,"
გაყიდვაშია
                                                    ",https://imart.ge/images/thumbnails/340/340/detailed/55/Untitled-16_n9ek-uq.jpg
"ნოუთბუქი LENOVO IDEAPAD YOGA 7 14"" Touch  i5-1135G7 16GB 512GB SSD INTEGRATED GRAPHICS W10 SLATE GREY (82BH0051RU)",4099,"
გაყიდვაშია
                                                    ",https://imart.ge/images/thumbnails/340/340/detailed/62/Untitled-17_8nm7-0h.jpg
"ნოუთბუქი LENOVO IDEAPAD YOGA SLIM 7 14""  i5-1135 8GB 256GB  SSD INTEGRATED GRAPHICS DARK MOSS W10 (82A3005YRE)",3363,"
გაყიდვაშია
                                                    ",https://imart.ge/images/thumbnails/340/340/detailed/55/Untitled-15_lh20-hs.jpg
ნოუთბუქი DELL NOTEBOOK VOSTRO 5402 14  i5-1135G7 8GB 256GB SSD  INTEGRATED GRAPHICS BLACK (N3003VN5402EMEA01),2481,"
გაყიდვაშია
                                                    ",https://imart.ge/images/thumbnails/340/340/detailed/64/Untitled-2_h4m8-lm.jpg
"ნოუთბუქი ASUS NOTEBOOK/ZENBOOK FLIP UX363JA 13.3""  i5 1135G7 8GB 256GB SSD INTEGRATED GRAPHICS W10 PINE GREY (UX363EA-HP184T)",4204,"
გაყიდვაშია
                                                    ",https://imart.ge/images/thumbnails/340/340/detailed/56/Untitled-12_lxd0-3p.jpg
"ნოუთბუქი ASUS NOTEBOOK/ASUSTEK/ TUF FX516PE 15.6"" i5-11300H 8GB 512GB SSD GTX  3050 Ti 4GB  BLACK (FX516PE-HN004)",3995,"
გაყიდვაშია
                                                    ",https://imart.ge/images/thumbnails/340/340/detailed/65/Untitled-30.jpg
"ნოუთბუქი ASUS NOTEBOOK/ASUSTEK/ZENBOOK UX325EA 13.3"" i5-1135G7 16GB 512GB SSD INTEGRATED GRAPHICS PINE GREY (UX325EA-KG262)",3574,"
გაყიდვაშია
                                                    ",https://imart.ge/images/thumbnails/340/340/detailed/64/Untitled-8_ncjk-uu.jpg
ნოუთბუქი LENOVO IDEAPAD 5 14' i7-1165G7 8GB 512GB SSD INTEGRATED GRAPHICS GRAPHITE GREY (82FE00F5RE),3174,"
გაყიდვაშია
                                                    ",https://imart.ge/images/thumbnails/340/340/detailed/65/Untitled-18_m47s-wm.jpg
ნოუთბუქი HP 250 G7 6MQ39EA (6MQ39EA),956,არ არის გაყიდვაში,https://imart.ge/images/thumbnails/340/340/detailed/26/4_9218-6o.png
ნოუთბუქი Acer Aspire ES1-533-C8M1 NX.GFTER.044,800,არ არის გაყიდვაში,https://imart.ge/images/thumbnails/340/340/detailed/9/imart.ge_l4t4-fl.jpg
ნოუთბუქი Lenovo IdeaPad 320-15ISK (80XH00KHRU),1200,არ არის გაყიდვაში,https://imart.ge/images/thumbnails/340/340/detailed/9/imart3_ri5e-m6.jpg
ნოუთბუქი Lenovo IdeaPad 320-15IAP (80XR00FLRU),950,არ არის გაყიდვაში,https://imart.ge/images/thumbnails/340/340/detailed/9/imart4_jfts-uf.jpg
ნოუთბუქი Lenovo IdeaPad 320-15IKB (81BG002PRU),1700,არ არის გაყიდვაში,https://imart.ge/images/thumbnails/340/340/detailed/11/Untitled_copy_copy_tr0r-z8.PNG
ნოუთბუქი LENOVO IDEAPAD LEGION Y520,3896,არ არის გაყიდვაში,https://imart.ge/images/thumbnails/340/340/detailed/16/imart_uech_yd76-60.jpg
ნოუთბუქი LENOVO ESSENTIAL V310-15ISK BLACK (80SY03RWRK),1141,არ არის გაყიდვაში,https://imart.ge/images/thumbnails/340/340/detailed/12/imart_uech_7ud6-gd.jpg
ნოუთბუქი Apple Macbook Air A1466 MQD32RU/A,3468,არ არის გაყიდვაში,https://imart.ge/images/thumbnails/340/340/detailed/11/unt.jpg
ნოუთბუქი Lenovo ThinkPad X1 Carbon (5th Gen) (20HR0021RK),4000,არ არის გაყიდვაში,https://imart.ge/images/thumbnails/340/340/detailed/11/დსდაფ.jpg
ნოუთბუქი Asus X302UA (X302UA-FN168D),1500,არ არის გაყიდვაში,https://imart.ge/images/thumbnails/340/340/detailed/9/imart2_iam1-8c.jpg
ნოუთბუქი HP 15 N3060/4GB/128GB,809,არ არის გაყიდვაში,https://imart.ge/images/thumbnails/340/340/detailed/16/imart_uech_7jnq-zt.jpg
ნოუთბუქი LENOVO IDEAPAD S145-15IGM (81MX0078RE) BLACK,1045,არ არის გაყიდვაში,https://imart.ge/images/thumbnails/340/340/detailed/31/105210_1_o12l-a5_t3a6-ux_l039-25_x98d-b6.jpg
"ნოუთბუქი Apple MacBook Pro 13"" Space Gray A1708 MPXQ2RU/A (Mid 2017)",4529,არ არის გაყიდვაში,https://imart.ge/images/thumbnails/340/340/detailed/12/Apple_13_3_MacBook_Pro_Mid_2017_Space_Gray_.jpg
ნოუთბუქი HP 2VZ79EA i5-8250U/8GB/1TB,1935,არ არის გაყიდვაში,https://imart.ge/images/thumbnails/340/340/detailed/12/imart_uech_dfh8-rp.jpg
ნოუთბუქი LENOVO 320 80XV00EPRU RED/WHITE,830,არ არის გაყიდვაში,https://imart.ge/images/thumbnails/340/340/detailed/9/imart1_j931-q8.jpg
ნოუთბუქი Asus ZenBook UX330UA-GL180T,3000,არ არის გაყიდვაში,https://imart.ge/images/thumbnails/340/340/detailed/16/imart_uech_m4ya-q5.jpg
"ნოუთბუქი ASUS X541UV-GQ485 15.6"" HD Intel i5-7200U 8GB 1TB NV920 2GB",1800,არ არის გაყიდვაში,https://imart.ge/images/thumbnails/340/340/detailed/9/dufo_314q-qi.jpg
ნოუთბუქი HP 15-bs023ur (1ZJ89EA),750,არ არის გაყიდვაში,https://imart.ge/images/thumbnails/340/340/detailed/11/_6zv2-y3.jpg
"ულტრაბუქი Lenovo ThinkPad X1 Carbon 5, 20HR005BRT",5600,არ არის გაყიდვაში,https://imart.ge/images/thumbnails/340/340/detailed/9/imart.ge_n8pc-ld.jpg
ნოუთბუქი ASUS X541NA-GQ107/211811,1000,არ არის გაყიდვაში,https://imart.ge/images/thumbnails/340/340/detailed/9/imart.ge_5ldm-13.jpg
ნოუთბუქი Asus X540NA-GQ006,960,არ არის გაყიდვაში,https://imart.ge/images/thumbnails/340/340/detailed/11/11_i4h7-rt.jpg
ნოუთბუქი Apple MacBook Pro 13 Space Gray A1708,5401,არ არის გაყიდვაში,https://imart.ge/images/thumbnails/340/340/detailed/12/87506_1.jpg
ნოუთბუქი Lenovo 81B00078UA,2692,არ არის გაყიდვაში,https://imart.ge/images/thumbnails/340/340/detailed/11/sasac.JPG
ნოუთბუქი Dell Inspiron 11 3168 (272858935),1400,არ არის გაყიდვაში,https://imart.ge/images/thumbnails/340/340/detailed/9/dufo_x4vh-kt.jpg
ნოუთბუქი ASUS VIVOBOOK S15 S510UQ (S510UQ-BQ178),2350,არ არის გაყიდვაში,https://imart.ge/images/thumbnails/340/340/detailed/16/imart_uech_8rmy-7v.jpg
ნოუთბუქი Asus ROG GL553VE-FY022,3450,არ არის გაყიდვაში,https://imart.ge/images/thumbnails/340/340/detailed/11/_zgse-ol.jpg
ნოუთბუქი Lenovo IdeaPad 320-15IAP (80XR00LYRU),960,არ არის გაყიდვაში,https://imart.ge/images/thumbnails/340/340/detailed/9/imart1_pyq1-u8.jpg
ნოუთბუქი Asus VivoBook Max X541UA-GQ1248D Black,1300,არ არის გაყიდვაში,https://imart.ge/images/thumbnails/340/340/detailed/9/imart.ge_m5mt-d9.jpg
ნოუთბუქი Lenovo ThinkPad X1 Carbon (20HR0021RK),4520,არ არის გაყიდვაში,https://imart.ge/images/thumbnails/340/340/detailed/9/imart1_xoj7-zl.jpg
ნოუთბუქი Lenovo IdeaPad 320-15IAP (80XR00L9RU) (80XR00FNRU),950,არ არის გაყიდვაში,https://imart.ge/images/thumbnails/340/340/detailed/9/imart1_ag42-kx.jpg
ნოუთბუქი Apple MacBook Pro A1708 MPXR2RU/A (Mid 2017),4540,არ არის გაყიდვაში,https://imart.ge/images/thumbnails/340/340/detailed/11/4023318227-noutbuk-apple-macbook-pro13-inch-mpxr2ru-a-a1708-silver.jpg
ნოუთბუქი DELL VOSTRO 15 3568,1500,არ არის გაყიდვაში,https://imart.ge/images/thumbnails/340/340/detailed/9/imart.ge_6aaa-8u.jpg
ნოუთბუქი ASUS ZENBOOK UX390UA-GS051T ROSE GOLD,4720,არ არის გაყიდვაში,https://imart.ge/images/thumbnails/340/340/detailed/9/imart1_7r06-u2.jpg
ნოუთბუქი HP ENVY 13-ad111ur (3DL90EA) - Gold,3500,არ არის გაყიდვაში,https://imart.ge/images/thumbnails/340/340/detailed/12/1_440h-s7.jpg
ნოუთბუქი DELL Vostro 15 3568 Intel Core i5-7200U FHD 8GB\ 256GB SSD HD620,2299,არ არის გაყიდვაში,https://imart.ge/images/thumbnails/340/340/detailed/12/imart_uech_q36q-7x.jpg
ნოუთბუქი HP OMEN 15-ce051ur (3FW87EA),3900,არ არის გაყიდვაში,https://imart.ge/images/thumbnails/340/340/detailed/16/imart_uech_poz9-pc.jpg
ნოუთბუქი LENOVO YOGA 730 (81CT002GRU),3755,არ არის გაყიდვაში,https://imart.ge/images/thumbnails/340/340/detailed/16/imart_uech_x8kn-j2.jpg
ნოუთბუქი Apple MacBook Pro 15 With Retina Display,46,არ არის გაყიდვაში,https://imart.ge/images/thumbnails/340/340/detailed/12/og_fsiw-3z.jpg
ნოუთბუქი ACER ASPIRE A315-21G-481A,836,არ არის გაყიდვაში,https://imart.ge/images/thumbnails/340/340/detailed/16/imart_uech_polf-2q.jpg
ნოუთბუქი Lenovo 80XR00JVRU,770,არ არის გაყიდვაში,https://imart.ge/images/thumbnails/340/340/detailed/11/ასდფგ.jpg
ნოუთბუქი LENOVO IDEAPAD 320-15IAP WHITE (80XR00FMRU),910,არ არის გაყიდვაში,https://imart.ge/images/thumbnails/340/340/detailed/9/imart1_bi33-3g.jpg
ნოუთბუქი ACER ASPIRE ES1-533-P878 (NX.GFTER.004),960,არ არის გაყიდვაში,https://imart.ge/images/thumbnails/340/340/detailed/9/imart.ge_7csh-48.jpg
ნოუთბუქი Asus X541UA-GQ1248D,1222,არ არის გაყიდვაში,https://imart.ge/images/thumbnails/340/340/detailed/12/imart_uech_0x36-gl.jpg
ნოუთბუქი ASUS VIVOBOOK X541NA-GQ252 SILVER,1000,არ არის გაყიდვაში,https://imart.ge/images/thumbnails/340/340/detailed/9/dufo_fm9f-r6.jpg
ნოუთბუქი Dell Inspiron 15 5567 (272858912) (272858913),1780,არ არის გაყიდვაში,https://imart.ge/images/thumbnails/340/340/detailed/9/imart.ge_fva6-ev.jpg
ნოუთბუქი ASUS ZENBOOK 3 UX390UA-GS088T,4000,არ არის გაყიდვაში,https://imart.ge/images/thumbnails/340/340/detailed/9/imart1_egfi-mx.jpg
ნოუთბუქი Lenovo ThinkPad T470s (20HF004RRK),5420,არ არის გაყიდვაში,https://imart.ge/images/thumbnails/340/340/detailed/11/111111111_zo14-3g.jpg
ნოუთბუქი HP 2HP73EA  I5-7200U/4GB/500GB,1711,არ არის გაყიდვაში,https://imart.ge/images/thumbnails/340/340/detailed/12/imart_uech_8e35-20.jpg
ულტრაბუქი LENOVO ThinkPad X1 Carbon მე -5 Gen (20HR002KRT),5200,არ არის გაყიდვაში,https://imart.ge/images/thumbnails/340/340/detailed/9/აიმარტდვა.png
ნოუთბუქი DELL VOSTRO 15 3568 BLACK (3568-212951),1350,არ არის გაყიდვაში,https://imart.ge/images/thumbnails/340/340/detailed/9/imart.ge_dvow-c3.jpg
ნოუთბუქი ASUS D540YA-XO276D BLACK,694,არ არის გაყიდვაში,https://imart.ge/images/thumbnails/340/340/detailed/16/imart_uech_4xoz-rh.jpg
ნოუთბუქი Lenovo IdeaPad 320-15IAP (80XR00JURU),750,არ არის გაყიდვაში,https://imart.ge/images/thumbnails/340/340/detailed/11/სხფცგვბ.jpg
ნოუთბუქი Dell Inspiron 13 5378 (272858937),2700,არ არის გაყიდვაში,https://imart.ge/images/thumbnails/340/340/detailed/9/iamrt.jpg
ნოუთბუქი Lenovo IdeaPad 320-15IAP (80XR00JFRU) - Gray,630,არ არის გაყიდვაში,https://imart.ge/images/thumbnails/340/340/detailed/12/1-2.jpg
ნოუთბუქი 80TT005ARA IdeaPad 310-15IAP N3350,908,არ არის გაყიდვაში,https://imart.ge/images/thumbnails/340/340/detailed/12/imart_uech_8cto-lg.jpg
ნოუთბუქი DELL Vostro 15 N053PSPCV (i7-7500/R5 M420X 2G/4G/256G),2398,არ არის გაყიდვაში,https://imart.ge/images/thumbnails/340/340/detailed/12/imart_uech_16lc-7p.jpg
ნოუთბუქი ASUS VIVOBOOK MAX X541UV-GQ945 CHOCOLATE BLACK,1319,არ არის გაყიდვაში,https://imart.ge/images/thumbnails/340/340/detailed/12/imart_uech_m9nx-l9.jpg
ნოუთბუქი LENOVO IDEAPAD S340 (81N800K8RE) BLUE,1589,არ არის გაყიდვაში,https://imart.ge/images/thumbnails/340/340/detailed/29/13_9vmn-8q.jpg
ნოუთბუქი Lenovo Legion Y720-15IKB (80VR002TRU),5100,არ არის გაყიდვაში,https://imart.ge/images/thumbnails/340/340/detailed/16/imart_uech_lywr-40.jpg
ნოუთბუქი Lenovo ThinkPad T470s (20HF005ERT),4800,არ არის გაყიდვაში,https://imart.ge/images/thumbnails/340/340/detailed/9/imart.ge_cih3-jo.jpg
"ნოუთბუქი Lenovo IdeaPad 320-15IAP Black, 15.6 80XR000HRU",937,არ არის გაყიდვაში,https://imart.ge/images/thumbnails/340/340/detailed/9/imart1.png
"ულტრაბუქი Lenovo ThinkPad X1 Carbon 5, 20HR0021RT",5200,არ არის გაყიდვაში,https://imart.ge/images/thumbnails/340/340/detailed/9/imart.ge_8h2s-ph.jpg
ნოუთბუქი Lenovo 80XR00JQRU,770,არ არის გაყიდვაში,https://imart.ge/images/thumbnails/340/340/detailed/11/ცფგვჯბჰკნმ.jpg
ნოუთბუქი Acer Aspire E5-576G-80EM (NX.GSBER.009) - Black,2407,არ არის გაყიდვაში,https://imart.ge/images/thumbnails/340/340/detailed/12/1_7al5-do_mfqj-s2.jpg
ნოუთბუქი ACER ASPIRE ES1-572-37RJ (NX.GD0ER.014),1245,არ არის გაყიდვაში,https://imart.ge/images/thumbnails/340/340/detailed/9/imart.ge_l1ki-6s.jpg
ნოუთბუქი LENOVO IDEAPAD 320-15IAP (80XR00EHRU) (80XR000LRU),905,არ არის გაყიდვაში,https://imart.ge/images/thumbnails/340/340/detailed/9/imart1_vybv-5u.jpg
ნოუთბუქი Lenovo IdeaPad 320-15IKB (80XL03C2RU),1400,არ არის გაყიდვაში,https://imart.ge/images/thumbnails/340/340/detailed/11/ლენვ.jpg
ნოუთბუქი ASUS X541UA-GQ1267D (GQ1316D),1350,არ არის გაყიდვაში,https://imart.ge/images/thumbnails/340/340/detailed/9/imart.ge_0d30-ys.jpg
ნოუთბუქი HP i3-6006U/4GB/500GB,1100,არ არის გაყიდვაში,https://imart.ge/images/thumbnails/340/340/detailed/16/imart_uech_wtu0-mk.jpg
ნოუთბუქი Lenovo 80TL0146RK,1137,არ არის გაყიდვაში,https://imart.ge/images/thumbnails/340/340/detailed/11/გწრ.JPG
ნოუთბუქი Lenovo 81B00077UA,2050,არ არის გაყიდვაში,https://imart.ge/images/thumbnails/340/340/detailed/13/1.JPG
ნოუთბუქი Asus ROG Strix GL503VD (GL503VD-GZ228),3720,არ არის გაყიდვაში,https://imart.ge/images/thumbnails/340/340/detailed/12/1_71ad-zr.jpg
"ნოუთბუქი Lenovo Yoga 530 (81EK007FRU) 14""",3400,არ არის გაყიდვაში,https://imart.ge/images/thumbnails/340/340/detailed/16/imart_uech_achh-2s.jpg
ნოუთბუქი LENOVO IDEAPAD 320-15IKB (80XL001JRU),1471,არ არის გაყიდვაში,https://imart.ge/images/thumbnails/340/340/detailed/12/imart_uech_rk6o-vo.jpg
ნოუთბუქი Acer Aspire 3 A315-31 (NX.GR5ER.002),750,არ არის გაყიდვაში,https://imart.ge/images/thumbnails/340/340/detailed/11/dsf.jpg
"ნოუთბუქი Lenovo Yoga 530 (81EK007ERU) 14""",3229,არ არის გაყიდვაში,https://imart.ge/images/thumbnails/340/340/detailed/16/imart_uech_kaht-wi.jpg
ნოუთბუქი ASUS X541NA-GQ204,915,არ არის გაყიდვაში,https://imart.ge/images/thumbnails/340/340/detailed/9/გა_იმარტ_ივე.png
ნოუთბუქი HP 2KH05EA,790,არ არის გაყიდვაში,https://imart.ge/images/thumbnails/340/340/detailed/11/dvb.jpg
ნოუთბუქი HP 15 (2KG86EA),1400,არ არის გაყიდვაში,https://imart.ge/images/thumbnails/340/340/detailed/11/ცგვბ.jpg
ნოუთბუქი Lenovo Ideapad V110-15LAP (80TG00Y4RK),707,არ არის გაყიდვაში,https://imart.ge/images/thumbnails/340/340/detailed/11/111_2cfx-h7.jpg
ნოუთბუქი Apple MacBook MNYL2RU/A (Mid 2017),5882,არ არის გაყიდვაში,https://imart.ge/images/thumbnails/340/340/detailed/11/ხცვბ_ნ.jpg
ნოუთბუქი Lenovo 80XH00DVRU,1200,არ არის გაყიდვაში,https://imart.ge/images/thumbnails/340/340/detailed/11/ზდხფცვბნ.png
ნოუთბუქი Lenovo Thinkpad Yoga 370 (20JH002QRK),4870,არ არის გაყიდვაში,https://imart.ge/images/thumbnails/340/340/detailed/11/ადფერგფდ.jpg
ნოუთბუქი ASUS D540YA-XO276D BLACK,716,არ არის გაყიდვაში,https://imart.ge/images/thumbnails/340/340/detailed/16/imart_uech_wsnd-xy.jpg
ნოუთბუქი HP Envy x360 15-bp108ur (2ZH36EA),3900,არ არის გაყიდვაში,https://imart.ge/images/thumbnails/340/340/detailed/12/1_aiaf-8s.jpg
ნოუთბუქი ASUS X541UV-GQ945,1420,არ არის გაყიდვაში,https://imart.ge/images/thumbnails/340/340/detailed/9/dufo_8ji6-rq.jpg
ნოუთბუქი HP 15-bs012ur (1ZJ78EA) - Black,1169,არ არის გაყიდვაში,https://imart.ge/images/thumbnails/340/340/detailed/12/1_7ztb-7i.JPG
ნოუთბუქი Lenovo 80TG00G0RK,668,არ არის გაყიდვაში,https://imart.ge/images/thumbnails/340/340/detailed/11/jb.jpg
ნოუთბუქი ACER ASPIRE ES1-523 (NX.GKYER.002),860,არ არის გაყიდვაში,https://imart.ge/images/thumbnails/340/340/detailed/9/imart1_m2k3-lo.jpg
"ნოუთბუქი Acer ES1-523 Black AMD, E1-7010",842,არ არის გაყიდვაში,https://imart.ge/images/thumbnails/340/340/detailed/12/imart_uech_0p3v-no.jpg
ნოუთბუქი Lenovo 81AX001GRU,2435,არ არის გაყიდვაში,https://imart.ge/images/thumbnails/340/340/detailed/11/gasvewjf.jpg
ნოუთბუქი LENOVO IDEAPAD 320-15AST BLACK (80XV0001RU),870,არ არის გაყიდვაში,https://imart.ge/images/thumbnails/340/340/detailed/9/imart1_wbe5-uo.jpg
ნოუთბუქი LENOVO IDEAPAD E31-80 (80MX018ARK),1780,არ არის გაყიდვაში,https://imart.ge/images/thumbnails/340/340/detailed/9/გა_იმარტ_ივე_kj4e-tx.png
ნოუთბუქი LENOVO IDEAPAD V330-15IKB,1264,არ არის გაყიდვაში,https://imart.ge/images/thumbnails/340/340/detailed/16/imart_uech_mx1j-c3.jpg
"ნოუთბუქი Lenovo Essential V510-15 15.6"" (80WQ01VPRA)",2100,არ არის გაყიდვაში,https://imart.ge/images/thumbnails/340/340/detailed/9/გა_იმარტ_ივე.jpg
ნოუთბუქი Asus X541NC-GQ076,770,არ არის გაყიდვაში,https://imart.ge/images/thumbnails/340/340/detailed/11/_21w1-rs.jpg
ნოუთბუქი Hp 3FY43EA,908,არ არის გაყიდვაში,https://imart.ge/images/thumbnails/340/340/detailed/11/ეტაწეტწე.JPG
ნოუთბუქი Lenovo E31-80 (80MX018ARK),1530,არ არის გაყიდვაში,https://imart.ge/images/thumbnails/340/340/detailed/11/1111111111111111.jpg
ნოუთბუქი Lenovo 80XH0027RU,1089,არ არის გაყიდვაში,https://imart.ge/images/thumbnails/340/340/detailed/11/szdxcvbn.jpg
ნოუთბუქი HP 250 G6 (1WY50EA),770,არ არის გაყიდვაში,"https://imart.ge/images/thumbnails/340/340/detailed/11/srxdcfgvbhnjmk,l.jpg"
ნოუთბუქი LENOVO IDEAPAD V110-15AST (80TD000FRA),924,არ არის გაყიდვაში,https://imart.ge/images/thumbnails/340/340/detailed/12/imart_uech_xhjv-qx.jpg
ნოუთბუქი Acer Aspire E5-576G (NX.GTZER.017),1549,არ არის გაყიდვაში,https://imart.ge/images/thumbnails/340/340/detailed/12/1_7al5-do.jpg
ნოუთბუქი ASUS VIVOBOOK MAX X541UA,1100,არ არის გაყიდვაში,https://imart.ge/images/thumbnails/340/340/detailed/16/imart_uech_95k6-ri.jpg
ნოუთბუქი Acer Extensa NX.EFAER.050,770,არ არის გაყიდვაში,https://imart.ge/images/thumbnails/340/340/detailed/11/.JPG
ნოუთბუქი Asus Vivobook 15 X540NA-GQ017,799,არ არის გაყიდვაში,https://imart.ge/images/thumbnails/340/340/detailed/11/asg.PNG
ნოუთბუქი Lenovo IdeaPad 320-15IAP (80XR00FQRU),930,არ არის გაყიდვაში,https://imart.ge/images/thumbnails/340/340/detailed/9/imart1_2bi0-bu.jpg
ნოუთბუქი Acer ES1-572 i3-6006U/4GB/500GB,1232,არ არის გაყიდვაში,https://imart.ge/images/thumbnails/340/340/detailed/12/imart_uech_biat-g8.jpg
ნოუთბუქი Lenovo IdeaPad 320-15ISK (80XH01KJRU),1150,არ არის გაყიდვაში,https://imart.ge/images/thumbnails/340/340/detailed/11/ცსცსაც.PNG
ნოუთბუქი Acer Aspire 3 A315-51-302P (NX.GS5ER.001),1200,არ არის გაყიდვაში,https://imart.ge/images/thumbnails/340/340/detailed/11/vbn.jpg
ნოუთბუქი Asus X541NA,750,არ არის გაყიდვაში,https://imart.ge/images/thumbnails/340/340/detailed/11/sdfghj.jpg
ნოუთბუქი Lenovo 80XR00JSRU,750,არ არის გაყიდვაში,https://imart.ge/images/thumbnails/340/340/detailed/11/111111111111.jpg
ნოუთბუქი ASUS VIVOBOOK MAX X541UV,1800,არ არის გაყიდვაში,https://imart.ge/images/thumbnails/340/340/detailed/16/imart_uech_wi1j-x2.jpg
ნოუთბუქი HP Pavilion 15-cc024ur (3LG45EA),2300,არ არის გაყიდვაში,https://imart.ge/images/thumbnails/340/340/detailed/16/imart_uech_3t00-5s.jpg
ნოუთბუქი HP OMEN 15-ce059ur (3FY88EA) - Black,5000,არ არის გაყიდვაში,https://imart.ge/images/thumbnails/340/340/detailed/12/1_g8re-of.jpg
ნოუთბუქი Acer Aspire NX.GD0ER.014,1160,არ არის გაყიდვაში,https://imart.ge/images/thumbnails/340/340/detailed/11/dxcfvb.jpg
ნოუთბუქი Lenovo Ideapad LN V510-15 IKB,1421,არ არის გაყიდვაში,https://imart.ge/images/thumbnails/340/340/detailed/16/imart_uech_4tjg-9f.jpg
ნოუთბუქი Asus ZenBook UX430UA (UX430UA-GV423T) - Royal Blue,3552,არ არის გაყიდვაში,https://imart.ge/images/thumbnails/340/340/detailed/12/1_97ym-43.jpg
ნოუთბუქი HP 15-bw006ur (1ZD17EA),680,არ არის გაყიდვაში,https://imart.ge/images/thumbnails/340/340/detailed/11/_i5l8-cg.jpg
ნოუთბუქი Apple MacBook Pro A1708 MPXU2RU/A (Mid 2017),4770,არ არის გაყიდვაში,https://imart.ge/images/thumbnails/340/340/detailed/11/მკ.png
ნოუთბუქი Lenovo IdeaPad 320-15IAP (80XR0006RU) - Onyx Black,630,არ არის გაყიდვაში,https://imart.ge/images/thumbnails/340/340/detailed/12/2-1.jpg
ნოუთბუქი ASUS ZenBook UX390UA-GS073T Blue,4920,არ არის გაყიდვაში,https://imart.ge/images/thumbnails/340/340/detailed/9/imart1_5qp5-oj.jpg
ნოუთბუქი Lenovo 81C800B8RU,2700,არ არის გაყიდვაში,https://imart.ge/images/thumbnails/340/340/detailed/11/Szdxfcgvhbjn.JPG
ნოუთბუქი Lenovo IdeaPad 320-15IAP (80XR012FRU),865,არ არის გაყიდვაში,https://imart.ge/images/thumbnails/340/340/detailed/11/ააა.jpg
ნოუთბუქი Lenovo Ideapad 320-15IAP (80XR000GRU),830,არ არის გაყიდვაში,https://imart.ge/images/thumbnails/340/340/detailed/11/hrgefd.jpg
ნოუთბუქი Asus X540UA-GQ010,1182,არ არის გაყიდვაში,https://imart.ge/images/thumbnails/340/340/detailed/11/11111111_nxmp-zl.jpg
ნოუთბუქი Asus VivoBook 15 X540UV (X540UV-GQ032),1275,არ არის გაყიდვაში,https://imart.ge/images/thumbnails/340/340/detailed/16/imart_uech_g1qq-n2.jpg
ნოუთბუქი Acer Aspire 3 A315-31-P6QX (NX.GR5ER.003) - Red,880,არ არის გაყიდვაში,https://imart.ge/images/thumbnails/340/340/detailed/12/1_an72-v0.jpg
ნოუთბუქი Lenovo IdeaPad 320-15IAP (80XR0003RU) - Black,730,არ არის გაყიდვაში,https://imart.ge/images/thumbnails/340/340/detailed/12/2-1_avu6-o6.jpg
ნოუთბუქი Asus VivoBook 15 X542UN (X542UN-DM134),2300,არ არის გაყიდვაში,https://imart.ge/images/thumbnails/340/340/detailed/16/imart_uech_kdb5-d9.jpg
ნოუთბუქი Lenovo ThinkPad T470s (20HF005CRK),5645,არ არის გაყიდვაში,https://imart.ge/images/thumbnails/340/340/detailed/16/imart_uech_459r-6y.jpg
ნოუთბუქი ASUS VIVOBOOK MAX X541UA,1182,არ არის გაყიდვაში,https://imart.ge/images/thumbnails/340/340/detailed/16/imart_uech_86c7-kg.jpg
ნოუთბუქი HP 250 G6 (2SX58EA),774,არ არის გაყიდვაში,https://imart.ge/images/thumbnails/340/340/detailed/11/zdx.jpg
ნოუთბუქი Lenovo IP 320-15ISK (80XH00DBRU),1222,არ არის გაყიდვაში,https://imart.ge/images/thumbnails/340/340/detailed/11/gergb.jpg
ნოუთბუქი Hp 2RS42EA,2300,არ არის გაყიდვაში,https://imart.ge/images/thumbnails/340/340/detailed/11/fhb.JPG
ნოუთბუქი Acer NX.EFAER.051,825,არ არის გაყიდვაში,https://imart.ge/images/thumbnails/340/340/detailed/12/1_z99p-o5.JPG
ნოუთბუქი Lenovo Ideapad V110-15ISK (80TL00DBRK),1182,არ არის გაყიდვაში,https://imart.ge/images/thumbnails/340/340/detailed/13/3.JPG
ნოუთბუქი Lenovo 81AX001DRU,2757,არ არის გაყიდვაში,https://imart.ge/images/thumbnails/340/340/detailed/13/2_czdo-ng.jpg
ნოუთბუქი Hp 2LE44EA,3200,არ არის გაყიდვაში,https://imart.ge/images/thumbnails/340/340/detailed/12/1_qo65-lo.jpg
ნოუთბუქი Fujitsu Lifebook U747,2792,არ არის გაყიდვაში,https://imart.ge/images/thumbnails/340/340/detailed/12/5__2_.jpg
ნოუთბუქი Apple MacBook MNYF2RU/A (Mid 2017),4647,არ არის გაყიდვაში,https://imart.ge/images/thumbnails/340/340/detailed/11/gg.jpg
ნოუთბუქი Asus UX430UA-GV420T,3000,არ არის გაყიდვაში,https://imart.ge/images/thumbnails/340/340/detailed/11/dtfgjh.JPG
ნოუთბუქი Asus VivoBook Max X541UA-DM1656 - Chocolate Black,1200,არ არის გაყიდვაში,https://imart.ge/images/thumbnails/340/340/detailed/16/imart_uech_a1xe-0n.jpg
ნოუთბუქი ASUS X541UV-GQ945,1330,არ არის გაყიდვაში,https://imart.ge/images/thumbnails/340/340/detailed/16/imart_uech_c6t1-a2.jpg
ნოუთბუქი Acer NX.GNTER.013,834,არ არის გაყიდვაში,https://imart.ge/images/thumbnails/340/340/detailed/11/გცვ_fl9h-88.jpg
ნოუთბუქი ASUS VIVOBOOK S15 S510UQ (S510UQ-BQ231),2900,არ არის გაყიდვაში,https://imart.ge/images/thumbnails/340/340/detailed/16/imart_uech_zyiu-uc.jpg
ნოუთბუქი Acer NX.GNPER.008,1035,არ არის გაყიდვაში,https://imart.ge/images/thumbnails/340/340/detailed/11/ასდფ.JPG
